Batch,Validation Results,Test Results
60,0.88375,0.8835227272727273
120,0.9025,0.8664772727272727
180,0.88375,0.8806818181818182
240,0.8975,0.8806818181818182
300,0.89375,0.875
360,0.88375,0.875
420,0.90375,0.8693181818181818
480,0.8925,0.8863636363636364
540,0.9,0.8664772727272727
600,0.88625,0.8664772727272727
660,0.8925,0.8664772727272727
720,0.905,0.8607954545454546
780,0.89375,0.8664772727272727
840,0.885,0.8721590909090909
